{
"attributes": {
},
"designState": {
	"calculationParameters": {
		"Draft_design": 6,
        "speed": 17

	},
	"objectOverrides": {
		"common": {
		}
	}
},
	"structure": {
		"hull": {
			"attributes": {
				"LOA": 115,
				"BOA": 18,
				"Depth": 9,
				"APP": 2,
				"bulb": true,
				"transom": true,
				"cstern": 0,
				"prismaticLengthRatio": 0.6,
				"appendices": {
					"twinScrewBalanceRudder": {
						"coeff": 2.8,
						"area": 10
					},
					"shaftBrackets": {
						"coeff": 3,
						"area": 10
					},
					"skeg": {
						"coeff": 1.5,
						"area": 10
					},
					"shafts": {
						"coeff": 4,
						"area": 10
					},
					"bilgeKeel": {
						"coeff": 1.4,
						"area": 10
					}
				}
			},
			"halfBreadths": {
				"waterlines": [0, 0.2, 0.4, 0.6, 0.8, 1, 1.2, 1.4, 1.6, 1.8],
				"stations": [0, 0.1, 0.2, 0.3, 0.4, 0.5, 0.6, 0.7, 0.8, 0.9, 1],
				"table": [
					[0, 0, 0, 0, 0, 0, 0, 0, 0, 0, null],
					[0, 0, 0, 0.07017543859649122, 0.4789473684210526, 0.5605263157894737, 0.513157894736842, 0.38947368421052636, 0.21403508771929824, 0.06315789473684211, null],
					[0.27017543859649124, 0.637719298245614, 0.7456140350877193, 0.8114035087719298, 0.8482456140350877, 0.8464912280701754, 0.7789473684210527, 0.6342105263157894, 0.40350877192982454, 0.15789473684210525, null],
					[0.7929824561403508, 0.8385964912280702, 0.874561403508772, 0.9052631578947369, 0.9263157894736842, 0.9342105263157895, 0.8903508771929824, 0.7728070175438597, 0.5482456140350876, 0.25789473684210523, 0],
					[0.8464912280701754, 0.8833333333333333, 0.9131578947368421, 0.9350877192982456, 0.9535087719298244, 0.9631578947368421, 0.9333333333333333, 0.8447368421052632, 0.6517543859649122, 0.3570175438596491, 0.04035087719298246],
					[0.863157894736842, 0.900877192982456, 0.9289473684210526, 0.9508771929824561, 0.9692982456140351, 0.9798245614035087, 0.9587719298245614, 0.8956140350877193, 0.7359649122807018, 0.45526315789473687, 0.08508771929824561],
					[0.8789473684210526, 0.9166666666666666, 0.943859649122807, 0.9666666666666666, 0.9833333333333334, 0.9929824561403509, 0.981578947368421, 0.9385964912280701, 0.8070175438596491, 0.5491228070175438, 0.1385964912280702],
					[0.8850877192982456, 0.9236842105263157, 0.9508771929824561, 0.9710526315789474, 0.987719298245614, 1, 0.9991228070175439, 0.9736842105263157, 0.8710526315789473, 0.6456140350877193, 0.21140350877192984],
					[null, null, null, null, null, null, null, 0.9780701754385965, 0.8885964912280702, 0.6947368421052631, 0.2807017543859649],
					[null, null, null, null, null, null, null, null, null, null, 0.3263157894736842]
				]
			},
			"buttockHeights": {}
		},
		"decks": {
			"deck3": {
				"zFloor": 3,
				"thickness": 0.3,
				"xAft": 115,
				"xFwd": 0,
				"yCentre": 0,
				"breadth": 18,
				"density": 1500
			},
			
		},
		"bulkheads": {
			
		}
	},
"baseObjects": [
    {
		"id": "MotorRightL6B4H2.7fdundefinedFMotors.stl",
		"affiliations": {},
		"boxDimensions": {
			"length": 15,
			"breadth": 18,
			"height": 3
		},
		"file3D": "tank11.stl",
		"weightInformation": {
			"lightweight": 80000,
            "cg": [0, 0, 1.5]

		}
	},
],

"derivedObjects": [
    {
		"id": "engineRoom",
		"baseObject": "TankL2.1B6.13H4.3fdundefinedFtank1.stl",
		"affiliations": {
		},
		"referenceState": {
			"xCentre": 8,
			"yCentre": 0,
			"zBase": 6
		}
	} ,   
    {
		"id": "pumpRoom",
		"baseObject": "TankL4.199999999999999B6.7H4.3fdundefinedFtank2.stl",
		"affiliations": {
		},
		"referenceState": {
			"xCentre": 13,
			"yCentre": 0,
			"zBase": 6
		}
	},
]

}
